Train No.,train Name,islno,station Code,Station Name,Arrival time,Departure time,Distance,Source Station Code,source Station Name,Destination station Code,Destination Station Name
'01081',DR BSL T F SPL ,1,DR  ,DADAR          ,'00:00:00','21:45:00',0,DR  ,DADAR          ,BSL ,BHUSAVAL JN    
'01081',DR BSL T F SPL ,2,TNA ,THANE          ,'22:03:00','22:05:00',25,DR  ,DADAR          ,BSL ,BHUSAVAL JN    
'01081',DR BSL T F SPL ,3,KYN ,KALYAN JN      ,'22:22:00','22:45:00',45,DR  ,DADAR          ,BSL ,BHUSAVAL JN    
'01081',DR BSL T F SPL ,4,IGP ,IGATPURI       ,'00:05:00','00:10:00',128,DR  ,DADAR          ,BSL ,BHUSAVAL JN    
'01081',DR BSL T F SPL ,5,NK  ,NASIK ROAD     ,'00:52:00','00:55:00',179,DR  ,DADAR          ,BSL ,BHUSAVAL JN    
'01081',DR BSL T F SPL ,6,CSN ,CHALISGAON JN  ,'02:30:00','02:32:00',319,DR  ,DADAR          ,BSL ,BHUSAVAL JN    
'01081',DR BSL T F SPL ,7,JL  ,JALGAON JN     ,'03:27:00','03:30:00',412,DR  ,DADAR          ,BSL ,BHUSAVAL JN    
'01081',DR BSL T F SPL ,8,BSL ,BHUSAVAL JN    ,'05:00:00','00:00:00',436,DR  ,DADAR          ,BSL ,BHUSAVAL JN    
'01082',BSL DR T F SPL ,1,BSL ,BHUSAVAL JN    ,'00:00:00','08:35:00',0,BSL ,BHUSAVAL JN    ,DR  ,DADAR          
'01082',BSL DR T F SPL ,2,JL  ,JALGAON JN     ,'09:00:00','09:03:00',25,BSL ,BHUSAVAL JN    ,DR  ,DADAR          
'01082',BSL DR T F SPL ,3,CSN ,CHALISGAON JN  ,'09:50:00','09:52:00',117,BSL ,BHUSAVAL JN    ,DR  ,DADAR          
'01082',BSL DR T F SPL ,4,NK  ,NASIK ROAD     ,'11:20:00','11:25:00',258,BSL ,BHUSAVAL JN    ,DR  ,DADAR          
'01082',BSL DR T F SPL ,5,IGP ,IGATPURI       ,'13:25:00','13:30:00',308,BSL ,BHUSAVAL JN    ,DR  ,DADAR          
'01082',BSL DR T F SPL ,6,KYN ,KALYAN JN      ,'15:10:00','15:13:00',391,BSL ,BHUSAVAL JN    ,DR  ,DADAR          
'01082',BSL DR T F SPL ,7,TNA ,THANE          ,'15:33:00','15:35:00',412,BSL ,BHUSAVAL JN    ,DR  ,DADAR          
'01082',BSL DR T F SPL ,8,DR  ,DADAR          ,'16:20:00','00:00:00',436,BSL ,BHUSAVAL JN    ,DR  ,DADAR          
'10111',KONKAN KANYA EX,1,CSTM,MUMBAI CST     ,'00:00:00','23:05:00',0,CSTM,MUMBAI CST     ,MAO ,MADGAON        
'10111',KONKAN KANYA EX,2,DR  ,DADAR          ,'23:18:00','23:20:00',9,CSTM,MUMBAI CST     ,MAO ,MADGAON        
'10111',KONKAN KANYA EX,3,TNA ,THANE          ,'23:43:00','23:45:00',34,CSTM,MUMBAI CST     ,MAO ,MADGAON        
'10111',KONKAN KANYA EX,4,DIVA,DIVA           ,'23:58:00','23:59:00',43,CSTM,MUMBAI CST     ,MAO ,MADGAON        
'10111',KONKAN KANYA EX,5,PNVL,PANVEL         ,'00:25:00','00:30:00',69,CSTM,MUMBAI CST     ,MAO ,MADGAON        
'10111',KONKAN KANYA EX,6,MNI ,MANGAON        ,'02:53:00','02:54:00',188,CSTM,MUMBAI CST     ,MAO ,MADGAON        
'10111',KONKAN KANYA EX,7,KHED,KHED           ,'04:01:00','04:02:00',284,CSTM,MUMBAI CST     ,MAO ,MADGAON        
'10111',KONKAN KANYA EX,8,CHI ,CHIPLUN        ,'04:39:00','04:40:00',325,CSTM,MUMBAI CST     ,MAO ,MADGAON        
'10111',KONKAN KANYA EX,9,SGR ,SANGMESHWAR    ,'05:33:00','05:34:00',384,CSTM,MUMBAI CST     ,MAO ,MADGAON        
'10111',KONKAN KANYA EX,10,RN  ,RATNAGIRI      ,'06:35:00','06:40:00',431,CSTM,MUMBAI CST     ,MAO ,MADGAON        
'10111',KONKAN KANYA EX,11,VID ,VILAVADE       ,'07:29:00','07:30:00',497,CSTM,MUMBAI CST     ,MAO ,MADGAON        
'10111',KONKAN KANYA EX,12,RAJP,RAJAPUR ROAD   ,'07:51:00','07:52:00',520,CSTM,MUMBAI CST     ,MAO ,MADGAON        
'10111',KONKAN KANYA EX,13,VBW ,VAIBHAVWADI RD ,'08:09:00','08:10:00',543,CSTM,MUMBAI CST     ,MAO ,MADGAON        
'10111',KONKAN KANYA EX,14,KKW ,KANKAVALI      ,'08:41:00','08:42:00',587,CSTM,MUMBAI CST     ,MAO ,MADGAON        
'10111',KONKAN KANYA EX,15,SNDD,SINDHUDURG     ,'09:05:00','09:06:00',612,CSTM,MUMBAI CST     ,MAO ,MADGAON        
'10111',KONKAN KANYA EX,16,KUDL,KUDAL          ,'09:19:00','09:20:00',626,CSTM,MUMBAI CST     ,MAO ,MADGAON        
'10111',KONKAN KANYA EX,17,SWV ,SAWANTWADI ROAD,'09:57:00','09:58:00',655,CSTM,MUMBAI CST     ,MAO ,MADGAON        
'10111',KONKAN KANYA EX,18,PERN,PERNEM         ,'10:27:00','10:28:00',686,CSTM,MUMBAI CST     ,MAO ,MADGAON        
'10111',KONKAN KANYA EX,19,THVM,THIVIM         ,'10:41:00','10:42:00',701,CSTM,MUMBAI CST     ,MAO ,MADGAON        
'10111',KONKAN KANYA EX,20,KRMI,KARMALI        ,'11:10:00','11:12:00',725,CSTM,MUMBAI CST     ,MAO ,MADGAON        
'10111',KONKAN KANYA EX,21,MAO ,MADGAON        ,'12:30:00','00:00:00',765,CSTM,MUMBAI CST     ,MAO ,MADGAON        
'10112',KONKAN KANYA EX,1,MAO ,MADGAON        ,'00:00:00','16:45:00',0,MAO ,MADGAON        ,CSTM,MUMBAI CST     
'10112',KONKAN KANYA EX,2,KRMI,KARMALI        ,'17:17:00','17:18:00',41,MAO ,MADGAON        ,CSTM,MUMBAI CST     
'10112',KONKAN KANYA EX,3,THVM,THIVIM         ,'17:35:00','17:36:00',65,MAO ,MADGAON        ,CSTM,MUMBAI CST     
'10112',KONKAN KANYA EX,4,PERN,PERNEM         ,'17:49:00','17:50:00',80,MAO ,MADGAON        ,CSTM,MUMBAI CST     
'10112',KONKAN KANYA EX,5,SWV ,SAWANTWADI ROAD,'18:15:00','18:16:00',111,MAO ,MADGAON        ,CSTM,MUMBAI CST     
'10112',KONKAN KANYA EX,6,KUDL,KUDAL          ,'18:47:00','18:48:00',140,MAO ,MADGAON        ,CSTM,MUMBAI CST     
'10112',KONKAN KANYA EX,7,SNDD,SINDHUDURG     ,'18:57:00','18:58:00',154,MAO ,MADGAON        ,CSTM,MUMBAI CST     
'10112',KONKAN KANYA EX,8,KKW ,KANKAVALI      ,'19:13:00','19:14:00',179,MAO ,MADGAON        ,CSTM,MUMBAI CST     
'10112',KONKAN KANYA EX,9,VBW ,VAIBHAVWADI RD ,'19:45:00','19:46:00',222,MAO ,MADGAON        ,CSTM,MUMBAI CST     
'10112',KONKAN KANYA EX,10,RAJP,RAJAPUR ROAD   ,'20:07:00','20:08:00',246,MAO ,MADGAON        ,CSTM,MUMBAI CST     
'10112',KONKAN KANYA EX,11,VID ,VILAVADE       ,'20:29:00','20:30:00',269,MAO ,MADGAON        ,CSTM,MUMBAI CST     
'10112',KONKAN KANYA EX,12,RN  ,RATNAGIRI      ,'22:00:00','22:05:00',335,MAO ,MADGAON        ,CSTM,MUMBAI CST     
'10112',KONKAN KANYA EX,13,SGR ,SANGMESHWAR    ,'22:45:00','22:46:00',382,MAO ,MADGAON        ,CSTM,MUMBAI CST     
'10112',KONKAN KANYA EX,14,CHI ,CHIPLUN        ,'23:49:00','23:50:00',441,MAO ,MADGAON        ,CSTM,MUMBAI CST     
'10112',KONKAN KANYA EX,15,KHED,KHED           ,'00:27:00','00:28:00',482,MAO ,MADGAON        ,CSTM,MUMBAI CST     
'10112',KONKAN KANYA EX,16,MNI ,MANGAON        ,'02:01:00','02:02:00',578,MAO ,MADGAON        ,CSTM,MUMBAI CST     
'10112',KONKAN KANYA EX,17,PNVL,PANVEL         ,'04:05:00','04:10:00',697,MAO ,MADGAON        ,CSTM,MUMBAI CST     
'10112',KONKAN KANYA EX,18,DIVA,DIVA           ,'04:23:00','04:24:00',723,MAO ,MADGAON        ,CSTM,MUMBAI CST     
'10112',KONKAN KANYA EX,19,TNA ,THANE          ,'04:53:00','04:55:00',732,MAO ,MADGAON        ,CSTM,MUMBAI CST     
'10112',KONKAN KANYA EX,20,DR  ,DADAR          ,'05:17:00','05:20:00',757,MAO ,MADGAON        ,CSTM,MUMBAI CST     
'10112',KONKAN KANYA EX,21,CSTM,MUMBAI CST     ,'05:50:00','00:00:00',765,MAO ,MADGAON        ,CSTM,MUMBAI CST     
'10215',MADGAON ERS EXP,1,MAO ,MADGAON        ,'00:00:00','21:00:00',0,MAO ,MADGAON        ,ERS ,ERNAKULAM JN   
'10215',MADGAON ERS EXP,2,KAWR,KARWAR         ,'22:00:00','22:02:00',82,MAO ,MADGAON        ,ERS ,ERNAKULAM JN   
'10215',MADGAON ERS EXP,3,BTJL,BHATKAL        ,'00:06:00','00:08:00',236,MAO ,MADGAON        ,ERS ,ERNAKULAM JN   
'10215',MADGAON ERS EXP,4,UD  ,UDUPI          ,'01:40:00','01:42:00',350,MAO ,MADGAON        ,ERS ,ERNAKULAM JN   
'10215',MADGAON ERS EXP,5,TOK ,THOKUR         ,'02:40:00','02:45:00',415,MAO ,MADGAON        ,ERS ,ERNAKULAM JN   
'10215',MADGAON ERS EXP,6,MAJN,MANGALORE JN   ,'03:00:00','03:10:00',431,MAO ,MADGAON        ,ERS ,ERNAKULAM JN   
'10215',MADGAON ERS EXP,7,KGQ ,KASARAGOD      ,'03:53:00','03:55:00',482,MAO ,MADGAON        ,ERS ,ERNAKULAM JN   
'10215',MADGAON ERS EXP,8,CAN ,KANNUR         ,'05:10:00','05:15:00',568,MAO ,MADGAON        ,ERS ,ERNAKULAM JN   
'10215',MADGAON ERS EXP,9,CLT ,KOZHIKODE      ,'06:50:00','06:55:00',657,MAO ,MADGAON        ,ERS ,ERNAKULAM JN   
'10215',MADGAON ERS EXP,10,TIR ,TIRUR          ,'07:38:00','07:40:00',698,MAO ,MADGAON        ,ERS ,ERNAKULAM JN   
'10215',MADGAON ERS EXP,11,SRR ,SHORANUR JN    ,'08:35:00','08:40:00',743,MAO ,MADGAON        ,ERS ,ERNAKULAM JN   
'10215',MADGAON ERS EXP,12,TCR ,THRISUR        ,'09:18:00','09:20:00',776,MAO ,MADGAON        ,ERS ,ERNAKULAM JN   
'10215',MADGAON ERS EXP,13,AWY ,ALUVA          ,'10:38:00','10:40:00',831,MAO ,MADGAON        ,ERS ,ERNAKULAM JN   
'10215',MADGAON ERS EXP,14,ERS ,ERNAKULAM JN   ,'11:20:00','00:00:00',850,MAO ,MADGAON        ,ERS ,ERNAKULAM JN   
'10216',MADGAON EXPRESS,1,ERS ,ERNAKULAM JN   ,'00:00:00','13:55:00',0,ERS ,ERNAKULAM JN   ,MAO ,MADGAON        
'10216',MADGAON EXPRESS,2,AWY ,ALUVA          ,'14:17:00','14:19:00',20,ERS ,ERNAKULAM JN   ,MAO ,MADGAON        
'10216',MADGAON EXPRESS,3,TCR ,THRISUR        ,'15:04:00','15:07:00',75,ERS ,ERNAKULAM JN   ,MAO ,MADGAON        
'10216',MADGAON EXPRESS,4,SRR ,SHORANUR JN    ,'16:00:00','16:05:00',107,ERS ,ERNAKULAM JN   ,MAO ,MADGAON        
'10216',MADGAON EXPRESS,5,TIR ,TIRUR          ,'16:43:00','16:45:00',152,ERS ,ERNAKULAM JN   ,MAO ,MADGAON        
'10216',MADGAON EXPRESS,6,CLT ,KOZHIKODE      ,'17:30:00','17:35:00',193,ERS ,ERNAKULAM JN   ,MAO ,MADGAON        
'10216',MADGAON EXPRESS,7,CAN ,KANNUR         ,'19:10:00','19:15:00',283,ERS ,ERNAKULAM JN   ,MAO ,MADGAON        
'10216',MADGAON EXPRESS,8,KGQ ,KASARAGOD      ,'20:08:00','20:10:00',368,ERS ,ERNAKULAM JN   ,MAO ,MADGAON        
'10216',MADGAON EXPRESS,9,MAJN,MANGALORE JN   ,'21:20:00','21:30:00',419,ERS ,ERNAKULAM JN   ,MAO ,MADGAON        
'10216',MADGAON EXPRESS,10,TOK ,THOKUR         ,'21:40:00','21:42:00',436,ERS ,ERNAKULAM JN   ,MAO ,MADGAON        
'10216',MADGAON EXPRESS,11,UD  ,UDUPI          ,'22:46:00','22:48:00',501,ERS ,ERNAKULAM JN   ,MAO ,MADGAON        
'10216',MADGAON EXPRESS,12,BTJL,BHATKAL        ,'23:54:00','23:56:00',614,ERS ,ERNAKULAM JN   ,MAO ,MADGAON        
'10216',MADGAON EXPRESS,13,KAWR,KARWAR         ,'02:02:00','02:04:00',768,ERS ,ERNAKULAM JN   ,MAO ,MADGAON        
'10216',MADGAON EXPRESS,14,MAO ,MADGAON        ,'03:30:00','00:00:00',850,ERS ,ERNAKULAM JN   ,MAO ,MADGAON        
'12123',DECCAN QUEEN   ,1,CSTM,MUMBAI CST     ,'00:00:00','17:10:00',0,CSTM,MUMBAI CST     ,PUNE,PUNE JN        
'12123',DECCAN QUEEN   ,2,KYN ,KALYAN JN      ,'18:02:00','18:03:00',54,CSTM,MUMBAI CST     ,PUNE,PUNE JN        
'12123',DECCAN QUEEN   ,3,KJT ,KARJAT         ,'18:33:00','18:35:00',100,CSTM,MUMBAI CST     ,PUNE,PUNE JN        
'12123',DECCAN QUEEN   ,4,LNL ,LONAVALA       ,'19:18:00','19:20:00',128,CSTM,MUMBAI CST     ,PUNE,PUNE JN        
'12123',DECCAN QUEEN   ,5,SVJR,SHIVAJINAGAR   ,'20:08:00','20:10:00',190,CSTM,MUMBAI CST     ,PUNE,PUNE JN        
'12123',DECCAN QUEEN   ,6,PUNE,PUNE JN        ,'20:25:00','00:00:00',192,CSTM,MUMBAI CST     ,PUNE,PUNE JN        
'12124',DECCAN QUEEN   ,1,PUNE,PUNE JN        ,'00:00:00','07:15:00',0,PUNE,PUNE JN        ,CSTM,MUMBAI CST     
'12124',DECCAN QUEEN   ,2,LNL ,LONAVALA       ,'08:08:00','08:10:00',64,PUNE,PUNE JN        ,CSTM,MUMBAI CST     
'12124',DECCAN QUEEN   ,3,KYN ,KALYAN JN      ,'09:44:00','09:45:00',139,PUNE,PUNE JN        ,CSTM,MUMBAI CST     
'12124',DECCAN QUEEN   ,4,DR  ,DADAR          ,'10:03:00','10:05:00',183,PUNE,PUNE JN        ,CSTM,MUMBAI CST     
'12124',DECCAN QUEEN   ,5,CSTM,MUMBAI CST     ,'10:25:00','00:00:00',192,PUNE,PUNE JN        ,CSTM,MUMBAI CST     
'12125',PRAGATI EXPRESS,1,CSTM,MUMBAI CST     ,'00:00:00','16:25:00',0,CSTM,MUMBAI CST     ,PUNE,PUNE JN        
'12125',PRAGATI EXPRESS,2,DR  ,DADAR          ,'16:37:00','16:38:00',9,CSTM,MUMBAI CST     ,PUNE,PUNE JN        
'12125',PRAGATI EXPRESS,3,TNA ,THANE          ,'16:54:00','16:55:00',34,CSTM,MUMBAI CST     ,PUNE,PUNE JN        
'12125',PRAGATI EXPRESS,4,DIVA,DIVA           ,'17:11:00','17:12:00',43,CSTM,MUMBAI CST     ,PUNE,PUNE JN        
'12125',PRAGATI EXPRESS,5,PNVL,PANVEL         ,'17:29:00','17:30:00',69,CSTM,MUMBAI CST     ,PUNE,PUNE JN        
'12125',PRAGATI EXPRESS,6,KJT ,KARJAT         ,'18:07:00','18:08:00',97,CSTM,MUMBAI CST     ,PUNE,PUNE JN        
'12125',PRAGATI EXPRESS,7,LNL ,LONAVALA       ,'18:49:00','18:50:00',125,CSTM,MUMBAI CST     ,PUNE,PUNE JN        
'12125',PRAGATI EXPRESS,8,SVJR,SHIVAJINAGAR   ,'19:38:00','19:39:00',186,CSTM,MUMBAI CST     ,PUNE,PUNE JN        
'12125',PRAGATI EXPRESS,9,PUNE,PUNE JN        ,'19:50:00','00:00:00',189,CSTM,MUMBAI CST     ,PUNE,PUNE JN        
'12126',PRAGATI EXPRESS,1,PUNE,PUNE JN        ,'00:00:00','07:50:00',0,PUNE,PUNE JN        ,CSTM,MUMBAI CST     
'12126',PRAGATI EXPRESS,2,LNL ,LONAVALA       ,'08:39:00','08:40:00',64,PUNE,PUNE JN        ,CSTM,MUMBAI CST     
'12126',PRAGATI EXPRESS,3,KJT ,KARJAT         ,'09:19:00','09:20:00',92,PUNE,PUNE JN        ,CSTM,MUMBAI CST     
'12126',PRAGATI EXPRESS,4,PNVL,PANVEL         ,'09:53:00','09:55:00',121,PUNE,PUNE JN        ,CSTM,MUMBAI CST     
'12126',PRAGATI EXPRESS,5,DIVA,DIVA           ,'10:20:00','10:21:00',146,PUNE,PUNE JN        ,CSTM,MUMBAI CST     
'12126',PRAGATI EXPRESS,6,TNA ,THANE          ,'10:28:00','10:30:00',156,PUNE,PUNE JN        ,CSTM,MUMBAI CST     
'12126',PRAGATI EXPRESS,7,DR  ,DADAR          ,'10:54:00','10:55:00',180,PUNE,PUNE JN        ,CSTM,MUMBAI CST     
'12126',PRAGATI EXPRESS,8,CSTM,MUMBAI CST     ,'11:15:00','00:00:00',189,PUNE,PUNE JN        ,CSTM,MUMBAI CST     
'12127',INTERCITY EXP  ,1,CSTM,MUMBAI CST     ,'00:00:00','06:40:00',0,CSTM,MUMBAI CST     ,PUNE,PUNE JN        
'12127',INTERCITY EXP  ,2,DR  ,DADAR          ,'06:50:00','06:52:00',9,CSTM,MUMBAI CST     ,PUNE,PUNE JN        
'12127',INTERCITY EXP  ,3,TNA ,THANE          ,'07:12:00','07:14:00',34,CSTM,MUMBAI CST     ,PUNE,PUNE JN        
'12127',INTERCITY EXP  ,4,KYN ,KALYAN JN      ,'07:31:00','07:32:00',54,CSTM,MUMBAI CST     ,PUNE,PUNE JN        
'12127',INTERCITY EXP  ,5,LNL ,LONAVALA       ,'08:48:00','08:50:00',128,CSTM,MUMBAI CST     ,PUNE,PUNE JN        
'12127',INTERCITY EXP  ,6,SVJR,SHIVAJINAGAR   ,'09:43:00','09:45:00',189,CSTM,MUMBAI CST     ,PUNE,PUNE JN        
'12127',INTERCITY EXP  ,7,PUNE,PUNE JN        ,'09:57:00','00:00:00',192,CSTM,MUMBAI CST     ,PUNE,PUNE JN        
'12128',INTERCITY EXP  ,1,PUNE,PUNE JN        ,'00:00:00','17:55:00',0,PUNE,PUNE JN        ,CSTM,MUMBAI CST     
'12128',INTERCITY EXP  ,2,LNL ,LONAVALA       ,'18:46:00','18:48:00',64,PUNE,PUNE JN        ,CSTM,MUMBAI CST     
'12128',INTERCITY EXP  ,3,KYN ,KALYAN JN      ,'19:45:00','19:46:00',139,PUNE,PUNE JN        ,CSTM,MUMBAI CST     
'12128',INTERCITY EXP  ,4,TNA ,THANE          ,'20:18:00','20:20:00',159,PUNE,PUNE JN        ,CSTM,MUMBAI CST     
'12128',INTERCITY EXP  ,5,DR  ,DADAR          ,'20:38:00','20:40:00',183,PUNE,PUNE JN        ,CSTM,MUMBAI CST     
'12128',INTERCITY EXP  ,6,CSTM,MUMBAI CST     ,'21:05:00','00:00:00',192,PUNE,PUNE JN        ,CSTM,MUMBAI CST     
'12129',AZAD HIND EXP  ,1,PUNE,PUNE JN        ,'00:00:00','18:25:00',0,PUNE,PUNE JN        ,HWH ,HOWRAH JN      
'12129',AZAD HIND EXP  ,2,URI ,URULI          ,'18:51:00','18:52:00',29,PUNE,PUNE JN        ,HWH ,HOWRAH JN      
'12129',AZAD HIND EXP  ,3,DD  ,DAUND JN       ,'19:50:00','20:05:00',76,PUNE,PUNE JN        ,HWH ,HOWRAH JN      
'12129',AZAD HIND EXP  ,4,ANG ,AHMADNAGAR     ,'21:22:00','21:25:00',160,PUNE,PUNE JN        ,HWH ,HOWRAH JN      
'12129',AZAD HIND EXP  ,5,BAP ,BELAPUR        ,'22:23:00','22:25:00',227,PUNE,PUNE JN        ,HWH ,HOWRAH JN      
'12129',AZAD HIND EXP  ,6,KPG ,KOPARGAON      ,'23:18:00','23:20:00',271,PUNE,PUNE JN        ,HWH ,HOWRAH JN      
'12129',AZAD HIND EXP  ,7,MMR ,MANMAD JN      ,'00:30:00','00:35:00',313,PUNE,PUNE JN        ,HWH ,HOWRAH JN      
'12129',AZAD HIND EXP  ,8,JL  ,JALGAON JN     ,'02:33:00','02:35:00',473,PUNE,PUNE JN        ,HWH ,HOWRAH JN      
'12129',AZAD HIND EXP  ,9,BSL ,BHUSAVAL JN    ,'03:20:00','03:30:00',497,PUNE,PUNE JN        ,HWH ,HOWRAH JN      
'12129',AZAD HIND EXP  ,10,MKU ,MALKAPUR       ,'04:13:00','04:15:00',547,PUNE,PUNE JN        ,HWH ,HOWRAH JN      
'12129',AZAD HIND EXP  ,11,SEG ,SHEGAON        ,'04:53:00','04:55:00',599,PUNE,PUNE JN        ,HWH ,HOWRAH JN      
'12129',AZAD HIND EXP  ,12,AK  ,AKOLA JN       ,'05:20:00','05:25:00',636,PUNE,PUNE JN        ,HWH ,HOWRAH JN      
'12129',AZAD HIND EXP  ,13,BD  ,BADNERA JN     ,'06:55:00','07:00:00',715,PUNE,PUNE JN        ,HWH ,HOWRAH JN      
'12129',AZAD HIND EXP  ,14,WR  ,WARDHA JN      ,'08:37:00','08:40:00',811,PUNE,PUNE JN        ,HWH ,HOWRAH JN      
'12129',AZAD HIND EXP  ,15,NGP ,NAGPUR         ,'10:10:00','10:20:00',889,PUNE,PUNE JN        ,HWH ,HOWRAH JN      
'12129',AZAD HIND EXP  ,16,BRD ,BHANDARA ROAD  ,'11:04:00','11:06:00',951,PUNE,PUNE JN        ,HWH ,HOWRAH JN      
'12129',AZAD HIND EXP  ,17,TMR ,TUMSAR ROAD    ,'11:20:00','11:22:00',969,PUNE,PUNE JN        ,HWH ,HOWRAH JN      
'12129',AZAD HIND EXP  ,18,G   ,GONDIA JN      ,'12:06:00','12:08:00',1019,PUNE,PUNE JN        ,HWH ,HOWRAH JN      
'12129',AZAD HIND EXP  ,19,DGG ,DONGARGARH     ,'13:04:00','13:06:00',1092,PUNE,PUNE JN        ,HWH ,HOWRAH JN      
'12129',AZAD HIND EXP  ,20,RJN ,RAJ NANDGAON   ,'13:22:00','13:24:00',1124,PUNE,PUNE JN        ,HWH ,HOWRAH JN      
'12129',AZAD HIND EXP  ,21,DURG,DURG           ,'14:05:00','14:10:00',1153,PUNE,PUNE JN        ,HWH ,HOWRAH JN      
'12129',AZAD HIND EXP  ,22,R   ,RAIPUR JN      ,'14:45:00','14:55:00',1190,PUNE,PUNE JN        ,HWH ,HOWRAH JN      
'12129',AZAD HIND EXP  ,23,BSP ,BILASPUR JN    ,'16:35:00','16:50:00',1300,PUNE,PUNE JN        ,HWH ,HOWRAH JN      
'12129',AZAD HIND EXP  ,24,CPH ,CHAMPA         ,'17:33:00','17:35:00',1353,PUNE,PUNE JN        ,HWH ,HOWRAH JN      
'12129',AZAD HIND EXP  ,25,RIG ,RAIGARH        ,'18:25:00','18:27:00',1433,PUNE,PUNE JN        ,HWH ,HOWRAH JN      
'12129',AZAD HIND EXP  ,26,JSG ,JHARSUGUDA JN  ,'19:45:00','19:47:00',1506,PUNE,PUNE JN        ,HWH ,HOWRAH JN      
'12129',AZAD HIND EXP  ,27,ROU ,ROURKELA       ,'21:02:00','21:17:00',1607,PUNE,PUNE JN        ,HWH ,HOWRAH JN      
'12129',AZAD HIND EXP  ,28,CKP ,CHAKRADHARPUR  ,'22:36:00','22:41:00',1708,PUNE,PUNE JN        ,HWH ,HOWRAH JN      
'12129',AZAD HIND EXP  ,29,TATA,TATANAGAR JN   ,'23:45:00','23:55:00',1771,PUNE,PUNE JN        ,HWH ,HOWRAH JN      
'12129',AZAD HIND EXP  ,30,KGP ,KHARAGPUR JN   ,'01:42:00','01:47:00',1905,PUNE,PUNE JN        ,HWH ,HOWRAH JN      
'12129',AZAD HIND EXP  ,31,HWH ,HOWRAH JN      ,'03:50:00','00:00:00',2020,PUNE,PUNE JN        ,HWH ,HOWRAH JN      
'12130',AZAD HIND EXP  ,1,HWH ,HOWRAH JN      ,'00:00:00','21:50:00',0,HWH ,HOWRAH JN      ,PUNE,PUNE JN        
'12130',AZAD HIND EXP  ,2,KGP ,KHARAGPUR JN   ,'23:30:00','23:35:00',116,HWH ,HOWRAH JN      ,PUNE,PUNE JN        
'12130',AZAD HIND EXP  ,3,TATA,TATANAGAR JN   ,'01:25:00','01:32:00',250,HWH ,HOWRAH JN      ,PUNE,PUNE JN        
'12130',AZAD HIND EXP  ,4,CKP ,CHAKRADHARPUR  ,'02:28:00','02:33:00',312,HWH ,HOWRAH JN      ,PUNE,PUNE JN        
'12130',AZAD HIND EXP  ,5,ROU ,ROURKELA       ,'03:55:00','04:05:00',413,HWH ,HOWRAH JN      ,PUNE,PUNE JN        
'12130',AZAD HIND EXP  ,6,JSG ,JHARSUGUDA JN  ,'05:50:00','05:52:00',515,HWH ,HOWRAH JN      ,PUNE,PUNE JN        
'12130',AZAD HIND EXP  ,7,RIG ,RAIGARH        ,'06:47:00','06:49:00',588,HWH ,HOWRAH JN      ,PUNE,PUNE JN        
'12130',AZAD HIND EXP  ,8,CPH ,CHAMPA         ,'07:47:00','07:49:00',668,HWH ,HOWRAH JN      ,PUNE,PUNE JN        
'12130',AZAD HIND EXP  ,9,BSP ,BILASPUR JN    ,'09:00:00','09:15:00',720,HWH ,HOWRAH JN      ,PUNE,PUNE JN        
'12130',AZAD HIND EXP  ,10,R   ,RAIPUR JN      ,'10:45:00','10:55:00',831,HWH ,HOWRAH JN      ,PUNE,PUNE JN        
'12130',AZAD HIND EXP  ,11,DURG,DURG           ,'11:40:00','11:45:00',867,HWH ,HOWRAH JN      ,PUNE,PUNE JN        
'12130',AZAD HIND EXP  ,12,RJN ,RAJ NANDGAON   ,'12:06:00','12:08:00',897,HWH ,HOWRAH JN      ,PUNE,PUNE JN        
'12130',AZAD HIND EXP  ,13,DGG ,DONGARGARH     ,'12:31:00','12:33:00',928,HWH ,HOWRAH JN      ,PUNE,PUNE JN        
'12130',AZAD HIND EXP  ,14,G   ,GONDIA JN      ,'13:37:00','13:39:00',1001,HWH ,HOWRAH JN      ,PUNE,PUNE JN        
'12130',AZAD HIND EXP  ,15,TMR ,TUMSAR ROAD    ,'14:11:00','14:13:00',1051,HWH ,HOWRAH JN      ,PUNE,PUNE JN        
'12130',AZAD HIND EXP  ,16,BRD ,BHANDARA ROAD  ,'14:29:00','14:30:00',1069,HWH ,HOWRAH JN      ,PUNE,PUNE JN        
'12130',AZAD HIND EXP  ,17,NGP ,NAGPUR         ,'15:40:00','15:50:00',1131,HWH ,HOWRAH JN      ,PUNE,PUNE JN        
'12130',AZAD HIND EXP  ,18,WR  ,WARDHA JN      ,'16:43:00','16:46:00',1210,HWH ,HOWRAH JN      ,PUNE,PUNE JN        
'12130',AZAD HIND EXP  ,19,BD  ,BADNERA JN     ,'18:25:00','18:28:00',1305,HWH ,HOWRAH JN      ,PUNE,PUNE JN        
'12130',AZAD HIND EXP  ,20,AK  ,AKOLA JN       ,'19:22:00','19:25:00',1384,HWH ,HOWRAH JN      ,PUNE,PUNE JN        
'12130',AZAD HIND EXP  ,21,SEG ,SHEGAON        ,'19:49:00','19:50:00',1421,HWH ,HOWRAH JN      ,PUNE,PUNE JN        
'12130',AZAD HIND EXP  ,22,MKU ,MALKAPUR       ,'20:24:00','20:25:00',1474,HWH ,HOWRAH JN      ,PUNE,PUNE JN        
'12130',AZAD HIND EXP  ,23,BSL ,BHUSAVAL JN    ,'21:20:00','21:30:00',1524,HWH ,HOWRAH JN      ,PUNE,PUNE JN        
'12130',AZAD HIND EXP  ,24,JL  ,JALGAON JN     ,'21:54:00','21:55:00',1548,HWH ,HOWRAH JN      ,PUNE,PUNE JN        
'12130',AZAD HIND EXP  ,25,MMR ,MANMAD JN      ,'23:50:00','23:55:00',1708,HWH ,HOWRAH JN      ,PUNE,PUNE JN        
'12130',AZAD HIND EXP  ,26,KPG ,KOPARGAON      ,'01:29:00','01:30:00',1750,HWH ,HOWRAH JN      ,PUNE,PUNE JN        
'12130',AZAD HIND EXP  ,27,BAP ,BELAPUR        ,'02:19:00','02:20:00',1794,HWH ,HOWRAH JN      ,PUNE,PUNE JN        
'12130',AZAD HIND EXP  ,28,ANG ,AHMADNAGAR     ,'03:27:00','03:30:00',1861,HWH ,HOWRAH JN      ,PUNE,PUNE JN        
'12130',AZAD HIND EXP  ,29,DD  ,DAUND JN       ,'05:05:00','05:20:00',1944,HWH ,HOWRAH JN      ,PUNE,PUNE JN        
'12130',AZAD HIND EXP  ,30,PUNE,PUNE JN        ,'06:50:00','00:00:00',2020,HWH ,HOWRAH JN      ,PUNE,PUNE JN        
'12131',DR SAINAGAR EXP,1,DR  ,DADAR          ,'00:00:00','21:45:00',0,DR  ,DADAR          ,SNSI,SAINAGAR SHIRDI
'12131',DR SAINAGAR EXP,2,TNA ,THANE          ,'22:03:00','22:05:00',25,DR  ,DADAR          ,SNSI,SAINAGAR SHIRDI
'12131',DR SAINAGAR EXP,3,KYN ,KALYAN JN      ,'22:22:00','22:25:00',45,DR  ,DADAR          ,SNSI,SAINAGAR SHIRDI
'12131',DR SAINAGAR EXP,4,IGP ,IGATPURI       ,'00:08:00','00:10:00',128,DR  ,DADAR          ,SNSI,SAINAGAR SHIRDI
'12131',DR SAINAGAR EXP,5,NK  ,NASIK ROAD     ,'00:53:00','00:55:00',179,DR  ,DADAR          ,SNSI,SAINAGAR SHIRDI
'12131',DR SAINAGAR EXP,6,MMR ,MANMAD JN      ,'01:50:00','01:55:00',252,DR  ,DADAR          ,SNSI,SAINAGAR SHIRDI
'12131',DR SAINAGAR EXP,7,ANKX,ANK MMR DIRECT ,'02:20:00','02:22:00',259,DR  ,DADAR          ,SNSI,SAINAGAR SHIRDI
'12131',DR SAINAGAR EXP,8,KPG ,KOPARGAON      ,'02:58:00','03:00:00',295,DR  ,DADAR          ,SNSI,SAINAGAR SHIRDI
'12131',DR SAINAGAR EXP,9,PB  ,PUNTAMBA       ,'03:40:00','03:41:00',319,DR  ,DADAR          ,SNSI,SAINAGAR SHIRDI
'12131',DR SAINAGAR EXP,10,SNSI,SAINAGAR SHIRDI,'03:51:00','00:00:00',336,DR  ,DADAR          ,SNSI,SAINAGAR SHIRDI
'12132',SAINAGAR DR EXP,1,SNSI,SAINAGAR SHIRDI,'00:00:00','22:25:00',0,SNSI,SAINAGAR SHIRDI,DR  ,DADAR          
'12132',SAINAGAR DR EXP,2,PB  ,PUNTAMBA       ,'22:40:00','22:42:00',17,SNSI,SAINAGAR SHIRDI,DR  ,DADAR          
'12132',SAINAGAR DR EXP,3,KPG ,KOPARGAON      ,'22:59:00','23:00:00',41,SNSI,SAINAGAR SHIRDI,DR  ,DADAR          
'12132',SAINAGAR DR EXP,4,ANKX,ANK MMR DIRECT ,'23:40:00','23:42:00',78,SNSI,SAINAGAR SHIRDI,DR  ,DADAR          
'12132',SAINAGAR DR EXP,5,MMR ,MANMAD JN      ,'23:55:00','23:58:00',85,SNSI,SAINAGAR SHIRDI,DR  ,DADAR          
'12132',SAINAGAR DR EXP,6,NK  ,NASIK ROAD     ,'00:57:00','01:00:00',158,SNSI,SAINAGAR SHIRDI,DR  ,DADAR          
'12132',SAINAGAR DR EXP,7,IGP ,IGATPURI       ,'01:50:00','01:55:00',208,SNSI,SAINAGAR SHIRDI,DR  ,DADAR          
'12132',SAINAGAR DR EXP,8,KYN ,KALYAN JN      ,'03:27:00','03:30:00',292,SNSI,SAINAGAR SHIRDI,DR  ,DADAR          
'12132',SAINAGAR DR EXP,9,TNA ,THANE          ,'03:48:00','03:50:00',312,SNSI,SAINAGAR SHIRDI,DR  ,DADAR          
'12132',SAINAGAR DR EXP,10,DR  ,DADAR          ,'04:30:00','00:00:00',336,SNSI,SAINAGAR SHIRDI,DR  ,DADAR          
'12133',MANGALORE EXP  ,1,CSTM,MUMBAI CST     ,'00:00:00','22:00:00',0,CSTM,MUMBAI CST     ,MAJN,MANGALORE JN   
'12133',MANGALORE EXP  ,2,TNA ,THANE          ,'22:33:00','22:35:00',34,CSTM,MUMBAI CST     ,MAJN,MANGALORE JN   
'12133',MANGALORE EXP  ,3,DIVA,DIVA           ,'22:55:00','22:56:00',43,CSTM,MUMBAI CST     ,MAJN,MANGALORE JN   
'12133',MANGALORE EXP  ,4,PNVL,PANVEL         ,'23:12:00','23:15:00',69,CSTM,MUMBAI CST     ,MAJN,MANGALORE JN   
'12133',MANGALORE EXP  ,5,ROHA,ROHA           ,'00:48:00','00:50:00',146,CSTM,MUMBAI CST     ,MAJN,MANGALORE JN   
'12133',MANGALORE EXP  ,6,RN  ,RATNAGIRI      ,'04:50:00','04:55:00',431,CSTM,MUMBAI CST     ,MAJN,MANGALORE JN   
'12133',MANGALORE EXP  ,7,KKW ,KANKAVALI      ,'06:40:00','06:42:00',587,CSTM,MUMBAI CST     ,MAJN,MANGALORE JN   
'12133',MANGALORE EXP  ,8,MAO ,MADGAON        ,'08:50:00','09:00:00',765,CSTM,MUMBAI CST     ,MAJN,MANGALORE JN   
'12133',MANGALORE EXP  ,9,KAWR,KARWAR         ,'09:58:00','10:00:00',847,CSTM,MUMBAI CST     ,MAJN,MANGALORE JN   
'12133',MANGALORE EXP  ,10,KT  ,KUMTA          ,'11:06:00','11:08:00',924,CSTM,MUMBAI CST     ,MAJN,MANGALORE JN   
'12133',MANGALORE EXP  ,11,BTJL,BHATKAL        ,'12:00:00','12:01:00',1001,CSTM,MUMBAI CST     ,MAJN,MANGALORE JN   
'12133',MANGALORE EXP  ,12,BYNR,MOOKAMBIKA ROAD,'12:18:00','12:20:00',1023,CSTM,MUMBAI CST     ,MAJN,MANGALORE JN   
'12133',MANGALORE EXP  ,13,KUDA,KUNDAPURA      ,'12:55:00','12:56:00',1070,CSTM,MUMBAI CST     ,MAJN,MANGALORE JN   
'12133',MANGALORE EXP  ,14,UD  ,UDUPI          ,'13:18:00','13:20:00',1115,CSTM,MUMBAI CST     ,MAJN,MANGALORE JN   
'12133',MANGALORE EXP  ,15,SL  ,SURATHKAL      ,'14:00:00','14:02:00',1173,CSTM,MUMBAI CST     ,MAJN,MANGALORE JN   
'12133',MANGALORE EXP  ,16,TOK ,THOKUR         ,'14:30:00','14:31:00',1180,CSTM,MUMBAI CST     ,MAJN,MANGALORE JN   
'12133',MANGALORE EXP  ,17,MAJN,MANGALORE JN   ,'15:15:00','00:00:00',1196,CSTM,MUMBAI CST     ,MAJN,MANGALORE JN   
'12134',MUMBAI EXP     ,1,MAJN,MANGALORE JN   ,'00:00:00','16:45:00',0,MAJN,MANGALORE JN   ,CSTM,MUMBAI CST     
'12134',MUMBAI EXP     ,2,TOK ,THOKUR         ,'16:53:00','16:55:00',17,MAJN,MANGALORE JN   ,CSTM,MUMBAI CST     
'12134',MUMBAI EXP     ,3,SL  ,SURATHKAL      ,'17:16:00','17:18:00',23,MAJN,MANGALORE JN   ,CSTM,MUMBAI CST     
'12134',MUMBAI EXP     ,4,UD  ,UDUPI          ,'17:48:00','17:50:00',82,MAJN,MANGALORE JN   ,CSTM,MUMBAI CST     
'12134',MUMBAI EXP     ,5,KUDA,KUNDAPURA      ,'18:27:00','18:28:00',126,MAJN,MANGALORE JN   ,CSTM,MUMBAI CST     
'12134',MUMBAI EXP     ,6,BYNR,MOOKAMBIKA ROAD,'18:45:00','18:47:00',173,MAJN,MANGALORE JN   ,CSTM,MUMBAI CST     
'12134',MUMBAI EXP     ,7,BTJL,BHATKAL        ,'19:17:00','19:18:00',195,MAJN,MANGALORE JN   ,CSTM,MUMBAI CST     
'12134',MUMBAI EXP     ,8,KT  ,KUMTA          ,'19:40:00','19:42:00',272,MAJN,MANGALORE JN   ,CSTM,MUMBAI CST     
'12134',MUMBAI EXP     ,9,KAWR,KARWAR         ,'20:32:00','20:34:00',349,MAJN,MANGALORE JN   ,CSTM,MUMBAI CST     
'12134',MUMBAI EXP     ,10,MAO ,MADGAON        ,'21:40:00','21:50:00',431,MAJN,MANGALORE JN   ,CSTM,MUMBAI CST     
'12134',MUMBAI EXP     ,11,KKW ,KANKAVALI      ,'00:02:00','00:04:00',609,MAJN,MANGALORE JN   ,CSTM,MUMBAI CST     
'12134',MUMBAI EXP     ,12,RN  ,RATNAGIRI      ,'02:15:00','02:20:00',765,MAJN,MANGALORE JN   ,CSTM,MUMBAI CST     
'12134',MUMBAI EXP     ,13,ROHA,ROHA           ,'07:45:00','07:50:00',1050,MAJN,MANGALORE JN   ,CSTM,MUMBAI CST     
'12134',MUMBAI EXP     ,14,PNVL,PANVEL         ,'08:25:00','08:30:00',1128,MAJN,MANGALORE JN   ,CSTM,MUMBAI CST     
'12134',MUMBAI EXP     ,15,TNA ,THANE          ,'09:27:00','09:30:00',1162,MAJN,MANGALORE JN   ,CSTM,MUMBAI CST     
'12134',MUMBAI EXP     ,16,CSTM,MUMBAI CST     ,'10:33:00','00:00:00',1195,MAJN,MANGALORE JN   ,CSTM,MUMBAI CST     
'12135',PUNE NAGPUR EXP,1,PUNE,PUNE JN        ,'00:00:00','17:40:00',0,PUNE,PUNE JN        ,NGP ,NAGPUR         
'12135',PUNE NAGPUR EXP,2,DD  ,DAUND JN       ,'18:55:00','19:10:00',76,PUNE,PUNE JN        ,NGP ,NAGPUR         
'12135',PUNE NAGPUR EXP,3,ANG ,AHMADNAGAR     ,'20:50:00','20:55:00',160,PUNE,PUNE JN        ,NGP ,NAGPUR         
'12135',PUNE NAGPUR EXP,4,BAP ,BELAPUR        ,'21:53:00','21:55:00',227,PUNE,PUNE JN        ,NGP ,NAGPUR         
'12135',PUNE NAGPUR EXP,5,KPG ,KOPARGAON      ,'22:43:00','22:45:00',271,PUNE,PUNE JN        ,NGP ,NAGPUR         
'12135',PUNE NAGPUR EXP,6,MMR ,MANMAD JN      ,'00:01:00','00:05:00',313,PUNE,PUNE JN        ,NGP ,NAGPUR         
'12135',PUNE NAGPUR EXP,7,CSN ,CHALISGAON JN  ,'00:53:00','00:55:00',380,PUNE,PUNE JN        ,NGP ,NAGPUR         
'12135',PUNE NAGPUR EXP,8,JL  ,JALGAON JN     ,'01:58:00','02:00:00',473,PUNE,PUNE JN        ,NGP ,NAGPUR         
'12135',PUNE NAGPUR EXP,9,BSL ,BHUSAVAL JN    ,'02:30:00','02:40:00',497,PUNE,PUNE JN        ,NGP ,NAGPUR         
'12135',PUNE NAGPUR EXP,10,MKU ,MALKAPUR       ,'03:23:00','03:25:00',547,PUNE,PUNE JN        ,NGP ,NAGPUR         
'12135',PUNE NAGPUR EXP,11,SEG ,SHEGAON        ,'04:03:00','04:05:00',599,PUNE,PUNE JN        ,NGP ,NAGPUR         
'12135',PUNE NAGPUR EXP,12,AK  ,AKOLA JN       ,'04:30:00','04:35:00',636,PUNE,PUNE JN        ,NGP ,NAGPUR         
'12135',PUNE NAGPUR EXP,13,BD  ,BADNERA JN     ,'06:20:00','06:25:00',715,PUNE,PUNE JN        ,NGP ,NAGPUR         
'12135',PUNE NAGPUR EXP,14,DMN ,DHAMANGAON     ,'07:10:00','07:12:00',761,PUNE,PUNE JN        ,NGP ,NAGPUR         
'12135',PUNE NAGPUR EXP,15,PLO ,PULGAON JN     ,'07:27:00','07:29:00',781,PUNE,PUNE JN        ,NGP ,NAGPUR         
'12135',PUNE NAGPUR EXP,16,WR  ,WARDHA JN      ,'08:04:00','08:07:00',811,PUNE,PUNE JN        ,NGP ,NAGPUR         
'12135',PUNE NAGPUR EXP,17,AJNI,AJNI           ,'09:08:00','09:10:00',886,PUNE,PUNE JN        ,NGP ,NAGPUR         
'12135',PUNE NAGPUR EXP,18,NGP ,NAGPUR         ,'09:25:00','00:00:00',889,PUNE,PUNE JN        ,NGP ,NAGPUR         
'12136',NAGPUR PUNE EXP,1,NGP ,NAGPUR         ,'00:00:00','18:35:00',0,NGP ,NAGPUR         ,PUNE,PUNE JN        
'12136',NAGPUR PUNE EXP,2,AJNI,AJNI           ,'18:43:00','18:45:00',3,NGP ,NAGPUR         ,PUNE,PUNE JN        
'12136',NAGPUR PUNE EXP,3,WR  ,WARDHA JN      ,'19:42:00','19:45:00',79,NGP ,NAGPUR         ,PUNE,PUNE JN        
'12136',NAGPUR PUNE EXP,4,PLO ,PULGAON JN     ,'20:08:00','20:10:00',109,NGP ,NAGPUR         ,PUNE,PUNE JN        
'12136',NAGPUR PUNE EXP,5,DMN ,DHAMANGAON     ,'20:28:00','20:30:00',129,NGP ,NAGPUR         ,PUNE,PUNE JN        
'12136',NAGPUR PUNE EXP,6,BD  ,BADNERA JN     ,'21:30:00','21:33:00',175,NGP ,NAGPUR         ,PUNE,PUNE JN        
'12136',NAGPUR PUNE EXP,7,AK  ,AKOLA JN       ,'22:25:00','22:30:00',253,NGP ,NAGPUR         ,PUNE,PUNE JN        
'12136',NAGPUR PUNE EXP,8,SEG ,SHEGAON        ,'22:58:00','23:00:00',291,NGP ,NAGPUR         ,PUNE,PUNE JN        
'12136',NAGPUR PUNE EXP,9,MKU ,MALKAPUR       ,'23:33:00','23:35:00',343,NGP ,NAGPUR         ,PUNE,PUNE JN        
'12136',NAGPUR PUNE EXP,10,BSL ,BHUSAVAL JN    ,'00:30:00','00:45:00',393,NGP ,NAGPUR         ,PUNE,PUNE JN        
'12136',NAGPUR PUNE EXP,11,JL  ,JALGAON JN     ,'01:10:00','01:12:00',417,NGP ,NAGPUR         ,PUNE,PUNE JN        
'12136',NAGPUR PUNE EXP,12,CSN ,CHALISGAON JN  ,'02:08:00','02:10:00',510,NGP ,NAGPUR         ,PUNE,PUNE JN        
'12136',NAGPUR PUNE EXP,13,MMR ,MANMAD JN      ,'03:20:00','03:25:00',577,NGP ,NAGPUR         ,PUNE,PUNE JN        
'12136',NAGPUR PUNE EXP,14,KPG ,KOPARGAON      ,'04:18:00','04:20:00',619,NGP ,NAGPUR         ,PUNE,PUNE JN        
'12136',NAGPUR PUNE EXP,15,BAP ,BELAPUR        ,'04:58:00','05:00:00',663,NGP ,NAGPUR         ,PUNE,PUNE JN        
'12136',NAGPUR PUNE EXP,16,ANG ,AHMADNAGAR     ,'05:50:00','05:55:00',730,NGP ,NAGPUR         ,PUNE,PUNE JN        
'12136',NAGPUR PUNE EXP,17,DD  ,DAUND JN       ,'08:00:00','08:15:00',814,NGP ,NAGPUR         ,PUNE,PUNE JN        
'12136',NAGPUR PUNE EXP,18,PUNE,PUNE JN        ,'09:45:00','00:00:00',889,NGP ,NAGPUR         ,PUNE,PUNE JN        
'12137',PUNJAB MAIL    ,1,CSTM,MUMBAI CST     ,'00:00:00','19:40:00',0,CSTM,MUMBAI CST     ,FZR ,FIROZPUR CANT  
'12137',PUNJAB MAIL    ,2,DR  ,DADAR          ,'19:53:00','19:55:00',9,CSTM,MUMBAI CST     ,FZR ,FIROZPUR CANT  
'12137',PUNJAB MAIL    ,3,KYN ,KALYAN JN      ,'20:35:00','20:40:00',54,CSTM,MUMBAI CST     ,FZR ,FIROZPUR CANT  
'12137',PUNJAB MAIL    ,4,KSRA,KASARA         ,'21:43:00','21:45:00',121,CSTM,MUMBAI CST     ,FZR ,FIROZPUR CANT  
'12137',PUNJAB MAIL    ,5,IGP ,IGATPURI       ,'22:28:00','22:30:00',137,CSTM,MUMBAI CST     ,FZR ,FIROZPUR CANT  
'12137',PUNJAB MAIL    ,6,DVL ,DEVLALI        ,'23:08:00','23:10:00',182,CSTM,MUMBAI CST     ,FZR ,FIROZPUR CANT  
'12137',PUNJAB MAIL    ,7,NK  ,NASIK ROAD     ,'23:20:00','23:25:00',188,CSTM,MUMBAI CST     ,FZR ,FIROZPUR CANT  
'12137',PUNJAB MAIL    ,8,MMR ,MANMAD JN      ,'00:27:00','00:30:00',261,CSTM,MUMBAI CST     ,FZR ,FIROZPUR CANT  
'12137',PUNJAB MAIL    ,9,CSN ,CHALISGAON JN  ,'01:14:00','01:16:00',328,CSTM,MUMBAI CST     ,FZR ,FIROZPUR CANT  
'12137',PUNJAB MAIL    ,10,JL  ,JALGAON JN     ,'02:08:00','02:10:00',420,CSTM,MUMBAI CST     ,FZR ,FIROZPUR CANT  
'12137',PUNJAB MAIL    ,11,BSL ,BHUSAVAL JN    ,'02:40:00','02:50:00',445,CSTM,MUMBAI CST     ,FZR ,FIROZPUR CANT  
'12137',PUNJAB MAIL    ,12,BAU ,BURHANPUR      ,'03:28:00','03:30:00',499,CSTM,MUMBAI CST     ,FZR ,FIROZPUR CANT  
'12137',PUNJAB MAIL    ,13,KNW ,KHANDWA        ,'04:55:00','05:00:00',568,CSTM,MUMBAI CST     ,FZR ,FIROZPUR CANT  
'12137',PUNJAB MAIL    ,14,KKN ,KHIRKIYA       ,'05:48:00','05:50:00',644,CSTM,MUMBAI CST     ,FZR ,FIROZPUR CANT  
'12137',PUNJAB MAIL    ,15,HD  ,HARDA          ,'06:18:00','06:20:00',676,CSTM,MUMBAI CST     ,FZR ,FIROZPUR CANT  
'12137',PUNJAB MAIL    ,16,BPF ,BANAPURA       ,'06:50:00','06:52:00',718,CSTM,MUMBAI CST     ,FZR ,FIROZPUR CANT  
'12137',PUNJAB MAIL    ,17,ET  ,ITARSI JN      ,'07:35:00','07:40:00',752,CSTM,MUMBAI CST     ,FZR ,FIROZPUR CANT  
'12137',PUNJAB MAIL    ,18,HBD ,HOSHANGABAD    ,'07:58:00','08:00:00',769,CSTM,MUMBAI CST     ,FZR ,FIROZPUR CANT  
'12137',PUNJAB MAIL    ,19,HBJ ,HABIBGANJ      ,'09:10:00','09:12:00',837,CSTM,MUMBAI CST     ,FZR ,FIROZPUR CANT  
'12137',PUNJAB MAIL    ,20,BPL ,BHOPAL  JN     ,'09:35:00','09:40:00',843,CSTM,MUMBAI CST     ,FZR ,FIROZPUR CANT  
'12137',PUNJAB MAIL    ,21,BHS ,VIDISHA        ,'10:17:00','10:19:00',896,CSTM,MUMBAI CST     ,FZR ,FIROZPUR CANT  
'12137',PUNJAB MAIL    ,22,BAQ ,GANJ BASODA    ,'10:48:00','10:50:00',936,CSTM,MUMBAI CST     ,FZR ,FIROZPUR CANT  
'12137',PUNJAB MAIL    ,23,BINA,BINA JN        ,'12:00:00','12:05:00',982,CSTM,MUMBAI CST     ,FZR ,FIROZPUR CANT  
'12137',PUNJAB MAIL    ,24,LAR ,LALITPUR       ,'12:57:00','12:59:00',1044,CSTM,MUMBAI CST     ,FZR ,FIROZPUR CANT  
'12137',PUNJAB MAIL    ,25,BAB ,BABINA         ,'13:42:00','13:44:00',1109,CSTM,MUMBAI CST     ,FZR ,FIROZPUR CANT  
'12137',PUNJAB MAIL    ,26,JHS ,JHANSI JN      ,'14:20:00','14:30:00',1134,CSTM,MUMBAI CST     ,FZR ,FIROZPUR CANT  
'12137',PUNJAB MAIL    ,27,DAA ,DATIA          ,'14:50:00','14:52:00',1159,CSTM,MUMBAI CST     ,FZR ,FIROZPUR CANT  
'12137',PUNJAB MAIL    ,28,DBA ,DABRA          ,'15:14:00','15:16:00',1189,CSTM,MUMBAI CST     ,FZR ,FIROZPUR CANT  
'12137',PUNJAB MAIL    ,29,GWL ,GWALIOR        ,'15:55:00','16:00:00',1231,CSTM,MUMBAI CST     ,FZR ,FIROZPUR CANT  
'12137',PUNJAB MAIL    ,30,MRA ,MORENA         ,'16:25:00','16:27:00',1270,CSTM,MUMBAI CST     ,FZR ,FIROZPUR CANT  
'12137',PUNJAB MAIL    ,31,DHO ,DHAULPUR       ,'16:50:00','16:52:00',1297,CSTM,MUMBAI CST     ,FZR ,FIROZPUR CANT  
'12137',PUNJAB MAIL    ,32,AGC ,AGRA CANTT     ,'17:50:00','17:55:00',1350,CSTM,MUMBAI CST     ,FZR ,FIROZPUR CANT  
'12137',PUNJAB MAIL    ,33,RKM ,RAJA KI MANDI  ,'18:02:00','18:04:00',1354,CSTM,MUMBAI CST     ,FZR ,FIROZPUR CANT  
'12137',PUNJAB MAIL    ,34,MTJ ,MATHURA JN     ,'18:42:00','18:45:00',1403,CSTM,MUMBAI CST     ,FZR ,FIROZPUR CANT  
'12137',PUNJAB MAIL    ,35,KSV ,KOSI KALAN     ,'19:13:00','19:15:00',1444,CSTM,MUMBAI CST     ,FZR ,FIROZPUR CANT  
'12137',PUNJAB MAIL    ,36,FDB ,FARIDABAD      ,'20:24:00','20:26:00',1516,CSTM,MUMBAI CST     ,FZR ,FIROZPUR CANT  
'12137',PUNJAB MAIL    ,37,NZM ,H NIZAMUDDIN   ,'20:51:00','20:53:00',1537,CSTM,MUMBAI CST     ,FZR ,FIROZPUR CANT  
'12137',PUNJAB MAIL    ,38,NDLS,NEW DELHI      ,'21:15:00','21:50:00',1544,CSTM,MUMBAI CST     ,FZR ,FIROZPUR CANT  
'12137',PUNJAB MAIL    ,39,DKZ ,DELHI KISHANGNJ,'22:06:00','22:08:00',1548,CSTM,MUMBAI CST     ,FZR ,FIROZPUR CANT  
'12137',PUNJAB MAIL    ,40,SSB ,SHAKURBASTI    ,'22:20:00','22:22:00',1555,CSTM,MUMBAI CST     ,FZR ,FIROZPUR CANT  
'12137',PUNJAB MAIL    ,41,BGZ ,BAHADURGARH    ,'22:40:00','22:42:00',1575,CSTM,MUMBAI CST     ,FZR ,FIROZPUR CANT  
'12137',PUNJAB MAIL    ,42,ROK ,ROHTAK JN      ,'23:20:00','23:23:00',1615,CSTM,MUMBAI CST     ,FZR ,FIROZPUR CANT  
'12137',PUNJAB MAIL    ,43,JIND,JIND JN        ,'00:13:00','00:15:00',1672,CSTM,MUMBAI CST     ,FZR ,FIROZPUR CANT  
'12137',PUNJAB MAIL    ,44,NRW ,NARWANA JN     ,'00:38:00','00:40:00',1706,CSTM,MUMBAI CST     ,FZR ,FIROZPUR CANT  
'12137',PUNJAB MAIL    ,45,TUN ,TOHANA         ,'00:57:00','00:59:00',1732,CSTM,MUMBAI CST     ,FZR ,FIROZPUR CANT  
'12137',PUNJAB MAIL    ,46,JHL ,JAKHAL JN      ,'01:18:00','01:20:00',1744,CSTM,MUMBAI CST     ,FZR ,FIROZPUR CANT  
'12137',PUNJAB MAIL    ,47,BRZ ,BARETA         ,'01:33:00','01:35:00',1758,CSTM,MUMBAI CST     ,FZR ,FIROZPUR CANT  
'12137',PUNJAB MAIL    ,48,BLZ ,BUDHLADA       ,'01:46:00','01:48:00',1774,CSTM,MUMBAI CST     ,FZR ,FIROZPUR CANT  
'12137',PUNJAB MAIL    ,49,MSZ ,MANSA          ,'02:01:00','02:03:00',1789,CSTM,MUMBAI CST     ,FZR ,FIROZPUR CANT  
'12137',PUNJAB MAIL    ,50,MAUR,MAUR           ,'02:23:00','02:25:00',1808,CSTM,MUMBAI CST     ,FZR ,FIROZPUR CANT  
'12137',PUNJAB MAIL    ,51,BTI ,BHATINDA JN    ,'03:40:00','03:50:00',1842,CSTM,MUMBAI CST     ,FZR ,FIROZPUR CANT  
'12137',PUNJAB MAIL    ,52,GNA ,GONEANA B JAGTA,'04:01:00','04:03:00',1854,CSTM,MUMBAI CST     ,FZR ,FIROZPUR CANT  
'12137',PUNJAB MAIL    ,53,GJUT,GANGSAR JAITU  ,'04:16:00','04:18:00',1869,CSTM,MUMBAI CST     ,FZR ,FIROZPUR CANT  
'12137',PUNJAB MAIL    ,54,KKP ,KOT KAPURA     ,'04:35:00','04:37:00',1885,CSTM,MUMBAI CST     ,FZR ,FIROZPUR CANT  
'12137',PUNJAB MAIL    ,55,FDK ,FARIDKOT       ,'04:49:00','04:51:00',1897,CSTM,MUMBAI CST     ,FZR ,FIROZPUR CANT  
'12137',PUNJAB MAIL    ,56,FZR ,FIROZPUR CANT  ,'05:50:00','00:00:00',1930,CSTM,MUMBAI CST     ,FZR ,FIROZPUR CANT  
'12138',PUNJAB MAIL    ,1,FZR ,FIROZPUR CANT  ,'00:00:00','21:40:00',0,FZR ,FIROZPUR CANT  ,CSTM,MUMBAI CST     
'12138',PUNJAB MAIL    ,2,FDK ,FARIDKOT       ,'22:05:00','22:07:00',33,FZR ,FIROZPUR CANT  ,CSTM,MUMBAI CST     
'12138',PUNJAB MAIL    ,3,KKP ,KOT KAPURA     ,'22:21:00','22:23:00',45,FZR ,FIROZPUR CANT  ,CSTM,MUMBAI CST     
'12138',PUNJAB MAIL    ,4,GJUT,GANGSAR JAITU  ,'22:38:00','22:40:00',61,FZR ,FIROZPUR CANT  ,CSTM,MUMBAI CST     
'12138',PUNJAB MAIL    ,5,GNA ,GONEANA B JAGTA,'22:54:00','22:56:00',76,FZR ,FIROZPUR CANT  ,CSTM,MUMBAI CST     
'12138',PUNJAB MAIL    ,6,BTI ,BHATINDA JN    ,'23:25:00','23:35:00',88,FZR ,FIROZPUR CANT  ,CSTM,MUMBAI CST     
'12138',PUNJAB MAIL    ,7,MAUR,MAUR           ,'00:02:00','00:04:00',122,FZR ,FIROZPUR CANT  ,CSTM,MUMBAI CST     
'12138',PUNJAB MAIL    ,8,MSZ ,MANSA          ,'00:19:00','00:21:00',141,FZR ,FIROZPUR CANT  ,CSTM,MUMBAI CST     
'12138',PUNJAB MAIL    ,9,BLZ ,BUDHLADA       ,'00:35:00','00:37:00',157,FZR ,FIROZPUR CANT  ,CSTM,MUMBAI CST     
'12138',PUNJAB MAIL    ,10,BRZ ,BARETA         ,'00:50:00','00:52:00',172,FZR ,FIROZPUR CANT  ,CSTM,MUMBAI CST     
'12138',PUNJAB MAIL    ,11,JHL ,JAKHAL JN      ,'01:08:00','01:10:00',186,FZR ,FIROZPUR CANT  ,CSTM,MUMBAI CST     
'12138',PUNJAB MAIL    ,12,TUN ,TOHANA         ,'01:24:00','01:26:00',198,FZR ,FIROZPUR CANT  ,CSTM,MUMBAI CST     
'12138',PUNJAB MAIL    ,13,NRW ,NARWANA JN     ,'01:45:00','01:47:00',224,FZR ,FIROZPUR CANT  ,CSTM,MUMBAI CST     
'12138',PUNJAB MAIL    ,14,JIND,JIND JN        ,'02:20:00','02:23:00',258,FZR ,FIROZPUR CANT  ,CSTM,MUMBAI CST     
'12138',PUNJAB MAIL    ,15,ROK ,ROHTAK JN      ,'03:12:00','03:14:00',315,FZR ,FIROZPUR CANT  ,CSTM,MUMBAI CST     
'12138',PUNJAB MAIL    ,16,BGZ ,BAHADURGARH    ,'03:44:00','03:46:00',355,FZR ,FIROZPUR CANT  ,CSTM,MUMBAI CST     
'12138',PUNJAB MAIL    ,17,SSB ,SHAKURBASTI    ,'04:11:00','04:13:00',375,FZR ,FIROZPUR CANT  ,CSTM,MUMBAI CST     
'12138',PUNJAB MAIL    ,18,DKZ ,DELHI KISHANGNJ,'04:25:00','04:27:00',382,FZR ,FIROZPUR CANT  ,CSTM,MUMBAI CST     
'12138',PUNJAB MAIL    ,19,NDLS,NEW DELHI      ,'04:50:00','05:15:00',386,FZR ,FIROZPUR CANT  ,CSTM,MUMBAI CST     
'12138',PUNJAB MAIL    ,20,FDB ,FARIDABAD      ,'05:44:00','05:46:00',414,FZR ,FIROZPUR CANT  ,CSTM,MUMBAI CST     
'12138',PUNJAB MAIL    ,21,KSV ,KOSI KALAN     ,'06:57:00','06:59:00',486,FZR ,FIROZPUR CANT  ,CSTM,MUMBAI CST     
'12138',PUNJAB MAIL    ,22,MTJ ,MATHURA JN     ,'07:37:00','07:40:00',527,FZR ,FIROZPUR CANT  ,CSTM,MUMBAI CST     
'12138',PUNJAB MAIL    ,23,RKM ,RAJA KI MANDI  ,'08:21:00','08:23:00',577,FZR ,FIROZPUR CANT  ,CSTM,MUMBAI CST     
'12138',PUNJAB MAIL    ,24,AGC ,AGRA CANTT     ,'08:50:00','08:55:00',580,FZR ,FIROZPUR CANT  ,CSTM,MUMBAI CST     
'12138',PUNJAB MAIL    ,25,DHO ,DHAULPUR       ,'09:30:00','09:32:00',633,FZR ,FIROZPUR CANT  ,CSTM,MUMBAI CST     
'12138',PUNJAB MAIL    ,26,MRA ,MORENA         ,'09:55:00','09:57:00',660,FZR ,FIROZPUR CANT  ,CSTM,MUMBAI CST     
'12138',PUNJAB MAIL    ,27,GWL ,GWALIOR        ,'10:28:00','10:33:00',699,FZR ,FIROZPUR CANT  ,CSTM,MUMBAI CST     
'12138',PUNJAB MAIL    ,28,DBA ,DABRA          ,'11:11:00','11:13:00',741,FZR ,FIROZPUR CANT  ,CSTM,MUMBAI CST     
'12138',PUNJAB MAIL    ,29,DAA ,DATIA          ,'11:34:00','11:36:00',771,FZR ,FIROZPUR CANT  ,CSTM,MUMBAI CST     
'12138',PUNJAB MAIL    ,30,JHS ,JHANSI JN      ,'12:25:00','12:35:00',796,FZR ,FIROZPUR CANT  ,CSTM,MUMBAI CST     
'12138',PUNJAB MAIL    ,31,BAB ,BABINA         ,'12:58:00','13:00:00',821,FZR ,FIROZPUR CANT  ,CSTM,MUMBAI CST     
'12138',PUNJAB MAIL    ,32,LAR ,LALITPUR       ,'13:45:00','13:47:00',886,FZR ,FIROZPUR CANT  ,CSTM,MUMBAI CST     
'12138',PUNJAB MAIL    ,33,BINA,BINA JN        ,'14:45:00','14:50:00',949,FZR ,FIROZPUR CANT  ,CSTM,MUMBAI CST     
'12138',PUNJAB MAIL    ,34,BAQ ,GANJ BASODA    ,'15:23:00','15:25:00',994,FZR ,FIROZPUR CANT  ,CSTM,MUMBAI CST     
'12138',PUNJAB MAIL    ,35,BHS ,VIDISHA        ,'15:52:00','15:54:00',1034,FZR ,FIROZPUR CANT  ,CSTM,MUMBAI CST     
'12138',PUNJAB MAIL    ,36,BPL ,BHOPAL  JN     ,'16:50:00','16:55:00',1087,FZR ,FIROZPUR CANT  ,CSTM,MUMBAI CST     
'12138',PUNJAB MAIL    ,37,HBJ ,HABIBGANJ      ,'17:05:00','17:07:00',1093,FZR ,FIROZPUR CANT  ,CSTM,MUMBAI CST     
'12138',PUNJAB MAIL    ,38,HBD ,HOSHANGABAD    ,'18:05:00','18:07:00',1161,FZR ,FIROZPUR CANT  ,CSTM,MUMBAI CST     
'12138',PUNJAB MAIL    ,39,ET  ,ITARSI JN      ,'18:35:00','18:40:00',1179,FZR ,FIROZPUR CANT  ,CSTM,MUMBAI CST     
'12138',PUNJAB MAIL    ,40,BPF ,BANAPURA       ,'19:04:00','19:06:00',1212,FZR ,FIROZPUR CANT  ,CSTM,MUMBAI CST     
'12138',PUNJAB MAIL    ,41,HD  ,HARDA          ,'19:37:00','19:39:00',1254,FZR ,FIROZPUR CANT  ,CSTM,MUMBAI CST     
'12138',PUNJAB MAIL    ,42,KKN ,KHIRKIYA       ,'20:04:00','20:06:00',1286,FZR ,FIROZPUR CANT  ,CSTM,MUMBAI CST     
'12138',PUNJAB MAIL    ,43,KNW ,KHANDWA        ,'21:40:00','21:45:00',1362,FZR ,FIROZPUR CANT  ,CSTM,MUMBAI CST     
'12138',PUNJAB MAIL    ,44,BAU ,BURHANPUR      ,'22:33:00','22:35:00',1431,FZR ,FIROZPUR CANT  ,CSTM,MUMBAI CST     
'12138',PUNJAB MAIL    ,45,BSL ,BHUSAVAL JN    ,'23:25:00','23:35:00',1485,FZR ,FIROZPUR CANT  ,CSTM,MUMBAI CST     
'12138',PUNJAB MAIL    ,46,JL  ,JALGAON JN     ,'23:59:00','00:01:00',1510,FZR ,FIROZPUR CANT  ,CSTM,MUMBAI CST     
'12138',PUNJAB MAIL    ,47,CSN ,CHALISGAON JN  ,'00:59:00','01:01:00',1602,FZR ,FIROZPUR CANT  ,CSTM,MUMBAI CST     
'12138',PUNJAB MAIL    ,48,MMR ,MANMAD JN      ,'01:50:00','01:55:00',1669,FZR ,FIROZPUR CANT  ,CSTM,MUMBAI CST     
'12138',PUNJAB MAIL    ,49,NK  ,NASIK ROAD     ,'02:48:00','02:50:00',1743,FZR ,FIROZPUR CANT  ,CSTM,MUMBAI CST     
'12138',PUNJAB MAIL    ,50,DVL ,DEVLALI        ,'02:58:00','03:00:00',1748,FZR ,FIROZPUR CANT  ,CSTM,MUMBAI CST     
'12138',PUNJAB MAIL    ,51,IGP ,IGATPURI       ,'04:28:00','04:30:00',1793,FZR ,FIROZPUR CANT  ,CSTM,MUMBAI CST     
'12138',PUNJAB MAIL    ,52,KYN ,KALYAN JN      ,'06:20:00','06:25:00',1876,FZR ,FIROZPUR CANT  ,CSTM,MUMBAI CST     
'12138',PUNJAB MAIL    ,53,DR  ,DADAR          ,'07:03:00','07:05:00',1921,FZR ,FIROZPUR CANT  ,CSTM,MUMBAI CST     
'12138',PUNJAB MAIL    ,54,CSTM,MUMBAI CST     ,'07:35:00','00:00:00',1930,FZR ,FIROZPUR CANT  ,CSTM,MUMBAI CST     
'12139',SEWAGRAM  EXP  ,1,CSTM,MUMBAI CST     ,'00:00:00','15:00:00',0,CSTM,MUMBAI CST     ,NGP ,NAGPUR         
'12139',SEWAGRAM  EXP  ,1,WR  ,WARDHA JN      ,'04:10:00','07:15:00',758,CSTM,MUMBAI CST     ,NGP ,NAGPUR         
'12139',SEWAGRAM  EXP  ,2,BPK ,BHUGAON        ,'07:29:00','07:30:00',769,CSTM,MUMBAI CST     ,NGP ,NAGPUR         
'12139',SEWAGRAM  EXP  ,2,DR  ,DADAR          ,'15:08:00','15:10:00',9,CSTM,MUMBAI CST     ,NGP ,NAGPUR         
'12139',SEWAGRAM  EXP  ,3,SNN ,SONEGAON       ,'07:38:00','07:39:00',776,CSTM,MUMBAI CST     ,NGP ,NAGPUR         
'12139',SEWAGRAM  EXP  ,3,TNA ,THANE          ,'15:33:00','15:35:00',34,CSTM,MUMBAI CST     ,NGP ,NAGPUR         
'12139',SEWAGRAM  EXP  ,4,HGT ,HINGANGHAT     ,'08:01:00','08:02:00',793,CSTM,MUMBAI CST     ,NGP ,NAGPUR         
'12139',SEWAGRAM  EXP  ,4,KYN ,KALYAN JN      ,'15:55:00','15:58:00',54,CSTM,MUMBAI CST     ,NGP ,NAGPUR         
'12139',SEWAGRAM  EXP  ,5,KSRA,KASARA         ,'17:03:00','17:05:00',121,CSTM,MUMBAI CST     ,NGP ,NAGPUR         
'12139',SEWAGRAM  EXP  ,5,NGI ,NAGARI         ,'08:21:00','08:22:00',808,CSTM,MUMBAI CST     ,NGP ,NAGPUR         
'12139',SEWAGRAM  EXP  ,6,CKNI,CHIKNI ROAD    ,'08:33:00','08:34:00',821,CSTM,MUMBAI CST     ,NGP ,NAGPUR         
'12139',SEWAGRAM  EXP  ,6,IGP ,IGATPURI       ,'17:45:00','17:50:00',137,CSTM,MUMBAI CST     ,NGP ,NAGPUR         
'12139',SEWAGRAM  EXP  ,7,DVL ,DEVLALI        ,'18:23:00','18:25:00',182,CSTM,MUMBAI CST     ,NGP ,NAGPUR         
'12139',SEWAGRAM  EXP  ,7,WRR ,WARORA         ,'08:44:00','08:45:00',831,CSTM,MUMBAI CST     ,NGP ,NAGPUR         
'12139',SEWAGRAM  EXP  ,8,MJRI,MAJRI JN       ,'08:55:00','08:56:00',843,CSTM,MUMBAI CST     ,NGP ,NAGPUR         
'12139',SEWAGRAM  EXP  ,8,NK  ,NASIK ROAD     ,'18:33:00','18:35:00',188,CSTM,MUMBAI CST     ,NGP ,NAGPUR         
'12139',SEWAGRAM  EXP  ,9,BUX ,BHANDAK        ,'09:06:00','09:07:00',853,CSTM,MUMBAI CST     ,NGP ,NAGPUR         
'12139',SEWAGRAM  EXP  ,9,NR  ,NIPHAD         ,'18:58:00','19:00:00',219,CSTM,MUMBAI CST     ,NGP ,NAGPUR         
'12139',SEWAGRAM  EXP  ,10,LS  ,LASALGAON      ,'19:18:00','19:20:00',236,CSTM,MUMBAI CST     ,NGP ,NAGPUR         
'12139',SEWAGRAM  EXP  ,10,TAE ,TADALI         ,'09:15:00','09:16:00',862,CSTM,MUMBAI CST     ,NGP ,NAGPUR         
'12139',SEWAGRAM  EXP  ,11,CD  ,CHANDRAPUR     ,'09:36:00','09:37:00',877,CSTM,MUMBAI CST     ,NGP ,NAGPUR         
'12139',SEWAGRAM  EXP  ,11,MMR ,MANMAD JN      ,'19:45:00','19:50:00',261,CSTM,MUMBAI CST     ,NGP ,NAGPUR         
'12139',SEWAGRAM  EXP  ,12,BUPH,BABUPETH       ,'09:49:00','09:50:00',882,CSTM,MUMBAI CST     ,NGP ,NAGPUR         
'12139',SEWAGRAM  EXP  ,12,NGN ,NANDGAON       ,'20:08:00','20:10:00',286,CSTM,MUMBAI CST     ,NGP ,NAGPUR         
'12139',SEWAGRAM  EXP  ,13,CSN ,CHALISGAON JN  ,'20:38:00','20:40:00',328,CSTM,MUMBAI CST     ,NGP ,NAGPUR         
'12139',SEWAGRAM  EXP  ,13,GNVR,GONDWANAVISAPUR,'09:53:00','09:55:00',886,CSTM,MUMBAI CST     ,NGP ,NAGPUR         
'12139',SEWAGRAM  EXP  ,14,BPQ ,BALHARSHAH     ,'10:40:00','00:00:00',891,CSTM,MUMBAI CST     ,NGP ,NAGPUR         
'12139',SEWAGRAM  EXP  ,14,PC  ,PACHORA JN     ,'21:08:00','21:10:00',373,CSTM,MUMBAI CST     ,NGP ,NAGPUR         
'12139',SEWAGRAM  EXP  ,15,JL  ,JALGAON JN     ,'21:48:00','21:50:00',420,CSTM,MUMBAI CST     ,NGP ,NAGPUR         
'12139',SEWAGRAM  EXP  ,16,BSL ,BHUSAVAL JN    ,'22:15:00','22:25:00',445,CSTM,MUMBAI CST     ,NGP ,NAGPUR         
'12139',SEWAGRAM  EXP  ,17,VNA ,VARANGAON      ,'22:43:00','22:45:00',457,CSTM,MUMBAI CST     ,NGP ,NAGPUR         
'12139',SEWAGRAM  EXP  ,18,BDWD,BODWAD         ,'22:58:00','23:00:00',475,CSTM,MUMBAI CST     ,NGP ,NAGPUR         
'12139',SEWAGRAM  EXP  ,19,MKU ,MALKAPUR       ,'23:17:00','23:19:00',495,CSTM,MUMBAI CST     ,NGP ,NAGPUR         
'12139',SEWAGRAM  EXP  ,20,NN  ,NANDURA        ,'23:38:00','23:40:00',523,CSTM,MUMBAI CST     ,NGP ,NAGPUR         
'12139',SEWAGRAM  EXP  ,21,JM  ,JALAMB JN      ,'00:08:00','00:10:00',535,CSTM,MUMBAI CST     ,NGP ,NAGPUR         
'12139',SEWAGRAM  EXP  ,22,SEG ,SHEGAON        ,'00:18:00','00:20:00',547,CSTM,MUMBAI CST     ,NGP ,NAGPUR         
'12139',SEWAGRAM  EXP  ,23,AK  ,AKOLA JN       ,'01:00:00','01:05:00',584,CSTM,MUMBAI CST     ,NGP ,NAGPUR         
'12139',SEWAGRAM  EXP  ,24,MZR ,MURTAJAPUR     ,'01:35:00','01:37:00',622,CSTM,MUMBAI CST     ,NGP ,NAGPUR         
'12139',SEWAGRAM  EXP  ,25,BD  ,BADNERA JN     ,'02:35:00','02:40:00',663,CSTM,MUMBAI CST     ,NGP ,NAGPUR         
'12139',SEWAGRAM  EXP  ,26,CND ,CHANDUR        ,'03:05:00','03:07:00',692,CSTM,MUMBAI CST     ,NGP ,NAGPUR         
'12139',SEWAGRAM  EXP  ,27,DMN ,DHAMANGAON     ,'03:20:00','03:22:00',709,CSTM,MUMBAI CST     ,NGP ,NAGPUR         
'12139',SEWAGRAM  EXP  ,28,PLO ,PULGAON JN     ,'03:37:00','03:39:00',729,CSTM,MUMBAI CST     ,NGP ,NAGPUR         
'12139',SEWAGRAM  EXP  ,29,WR  ,WARDHA JN      ,'04:10:00','04:20:00',758,CSTM,MUMBAI CST     ,NGP ,NAGPUR         
'12139',SEWAGRAM  EXP  ,30,SEGM,SEVAGRAM       ,'04:25:00','04:27:00',761,CSTM,MUMBAI CST     ,NGP ,NAGPUR         
'12139',SEWAGRAM  EXP  ,31,SNI ,SINDI          ,'04:48:00','04:50:00',791,CSTM,MUMBAI CST     ,NGP ,NAGPUR         
'12139',SEWAGRAM  EXP  ,32,AJNI,AJNI           ,'05:35:00','05:37:00',834,CSTM,MUMBAI CST     ,NGP ,NAGPUR         
'12139',SEWAGRAM  EXP  ,33,NGP ,NAGPUR         ,'06:10:00','00:00:00',837,CSTM,MUMBAI CST     ,NGP ,NAGPUR         
'12140',SEWAGRAM  EXP  ,1,NGP ,NAGPUR         ,'00:00:00','21:00:00',0,NGP ,NAGPUR         ,CSTM,MUMBAI CST     
'12140',SEWAGRAM  EXP  ,2,AJNI,AJNI           ,'21:06:00','21:08:00',3,NGP ,NAGPUR         ,CSTM,MUMBAI CST     
'12140',SEWAGRAM  EXP  ,3,SNI ,SINDI          ,'21:37:00','21:39:00',46,NGP ,NAGPUR         ,CSTM,MUMBAI CST     
'12140',SEWAGRAM  EXP  ,4,SEGM,SEVAGRAM       ,'22:03:00','22:05:00',77,NGP ,NAGPUR         ,CSTM,MUMBAI CST     
'12140',SEWAGRAM  EXP  ,5,WR  ,WARDHA JN      ,'22:10:00','22:35:00',79,NGP ,NAGPUR         ,CSTM,MUMBAI CST     
'12140',SEWAGRAM  EXP  ,6,PLO ,PULGAON JN     ,'22:58:00','23:00:00',109,NGP ,NAGPUR         ,CSTM,MUMBAI CST     
'12140',SEWAGRAM  EXP  ,7,DMN ,DHAMANGAON     ,'23:17:00','23:19:00',129,NGP ,NAGPUR         ,CSTM,MUMBAI CST     
'12140',SEWAGRAM  EXP  ,8,CND ,CHANDUR        ,'23:33:00','23:35:00',145,NGP ,NAGPUR         ,CSTM,MUMBAI CST     
'12140',SEWAGRAM  EXP  ,9,BD  ,BADNERA JN     ,'00:20:00','00:23:00',175,NGP ,NAGPUR         ,CSTM,MUMBAI CST     
'12140',SEWAGRAM  EXP  ,10,MZR ,MURTAJAPUR     ,'00:54:00','00:55:00',216,NGP ,NAGPUR         ,CSTM,MUMBAI CST     
'12140',SEWAGRAM  EXP  ,11,AK  ,AKOLA JN       ,'01:20:00','01:25:00',253,NGP ,NAGPUR         ,CSTM,MUMBAI CST     
'12140',SEWAGRAM  EXP  ,12,SEG ,SHEGAON        ,'01:53:00','01:55:00',291,NGP ,NAGPUR         ,CSTM,MUMBAI CST     
'12140',SEWAGRAM  EXP  ,13,JM  ,JALAMB JN      ,'02:03:00','02:05:00',303,NGP ,NAGPUR         ,CSTM,MUMBAI CST     
'12140',SEWAGRAM  EXP  ,14,NN  ,NANDURA        ,'02:13:00','02:15:00',315,NGP ,NAGPUR         ,CSTM,MUMBAI CST     
'12140',SEWAGRAM  EXP  ,15,MKU ,MALKAPUR       ,'02:38:00','02:40:00',343,NGP ,NAGPUR         ,CSTM,MUMBAI CST     
'12140',SEWAGRAM  EXP  ,16,BDWD,BODWAD         ,'02:55:00','02:57:00',363,NGP ,NAGPUR         ,CSTM,MUMBAI CST     
'12140',SEWAGRAM  EXP  ,17,VNA ,VARANGAON      ,'03:13:00','03:15:00',381,NGP ,NAGPUR         ,CSTM,MUMBAI CST     
'12140',SEWAGRAM  EXP  ,18,BSL ,BHUSAVAL JN    ,'03:40:00','03:50:00',393,NGP ,NAGPUR         ,CSTM,MUMBAI CST     
'12140',SEWAGRAM  EXP  ,19,JL  ,JALGAON JN     ,'04:18:00','04:20:00',417,NGP ,NAGPUR         ,CSTM,MUMBAI CST     
'12140',SEWAGRAM  EXP  ,20,PC  ,PACHORA JN     ,'04:53:00','04:55:00',465,NGP ,NAGPUR         ,CSTM,MUMBAI CST     
'12140',SEWAGRAM  EXP  ,21,CSN ,CHALISGAON JN  ,'05:27:00','05:30:00',510,NGP ,NAGPUR         ,CSTM,MUMBAI CST     
'12140',SEWAGRAM  EXP  ,22,NGN ,NANDGAON       ,'05:58:00','06:00:00',552,NGP ,NAGPUR         ,CSTM,MUMBAI CST     
'12140',SEWAGRAM  EXP  ,23,MMR ,MANMAD JN      ,'06:22:00','06:25:00',577,NGP ,NAGPUR         ,CSTM,MUMBAI CST     
'12140',SEWAGRAM  EXP  ,24,LS  ,LASALGAON      ,'06:43:00','06:45:00',602,NGP ,NAGPUR         ,CSTM,MUMBAI CST     
'12140',SEWAGRAM  EXP  ,25,NR  ,NIPHAD         ,'06:58:00','07:00:00',619,NGP ,NAGPUR         ,CSTM,MUMBAI CST     
'12140',SEWAGRAM  EXP  ,26,NK  ,NASIK ROAD     ,'07:27:00','07:30:00',650,NGP ,NAGPUR         ,CSTM,MUMBAI CST     
'12140',SEWAGRAM  EXP  ,27,DVL ,DEVLALI        ,'07:38:00','07:40:00',656,NGP ,NAGPUR         ,CSTM,MUMBAI CST     
'12140',SEWAGRAM  EXP  ,28,IGP ,IGATPURI       ,'08:50:00','08:55:00',701,NGP ,NAGPUR         ,CSTM,MUMBAI CST     
'12140',SEWAGRAM  EXP  ,29,KSRA,KASARA         ,'09:33:00','09:35:00',717,NGP ,NAGPUR         ,CSTM,MUMBAI CST     
'12140',SEWAGRAM  EXP  ,30,KYN ,KALYAN JN      ,'10:37:00','10:40:00',784,NGP ,NAGPUR         ,CSTM,MUMBAI CST     
'12140',SEWAGRAM  EXP  ,31,TNA ,THANE          ,'11:03:00','11:05:00',804,NGP ,NAGPUR         ,CSTM,MUMBAI CST     
'12140',SEWAGRAM  EXP  ,32,DR  ,DADAR          ,'11:30:00','11:33:00',828,NGP ,NAGPUR         ,CSTM,MUMBAI CST     
'12140',SEWAGRAM  EXP  ,33,CSTM,MUMBAI CST     ,'12:00:00','00:00:00',837,NGP ,NAGPUR         ,CSTM,MUMBAI CST     
